{
  "hash": "913d7b1c",
  "configHash": "dc0f33ec",
  "lockfileHash": "eb28bd5e",
  "browserHash": "e45f21df",
  "optimized": {
    "@angular/common": {
      "src": "../../../../../node_modules/@angular/common/fesm2022/common.mjs",
      "file": "@angular_common.js",
      "fileHash": "c47ffc38",
      "needsInterop": false
    },
    "@angular/common/http": {
      "src": "../../../../../node_modules/@angular/common/fesm2022/http.mjs",
      "file": "@angular_common_http.js",
      "fileHash": "aeb596ef",
      "needsInterop": false
    },
    "@angular/core": {
      "src": "../../../../../node_modules/@angular/core/fesm2022/core.mjs",
      "file": "@angular_core.js",
      "fileHash": "d3b9fbab",
      "needsInterop": false
    },
    "@angular/forms": {
      "src": "../../../../../node_modules/@angular/forms/fesm2022/forms.mjs",
      "file": "@angular_forms.js",
      "fileHash": "d32619bb",
      "needsInterop": false
    },
    "@angular/platform-browser": {
      "src": "../../../../../node_modules/@angular/platform-browser/fesm2022/platform-browser.mjs",
      "file": "@angular_platform-browser.js",
      "fileHash": "8d6a609f",
      "needsInterop": false
    },
    "@angular/router": {
      "src": "../../../../../node_modules/@angular/router/fesm2022/router.mjs",
      "file": "@angular_router.js",
      "fileHash": "b2a8f8dd",
      "needsInterop": false
    },
    "rxjs": {
      "src": "../../../../../node_modules/rxjs/dist/esm5/index.js",
      "file": "rxjs.js",
      "fileHash": "5a38ad76",
      "needsInterop": false
    }
  },
  "chunks": {
    "chunk-QDH2QOUL": {
      "file": "chunk-QDH2QOUL.js"
    },
    "chunk-FXPIFQBN": {
      "file": "chunk-FXPIFQBN.js"
    },
    "chunk-S5HDJMXJ": {
      "file": "chunk-S5HDJMXJ.js"
    },
    "chunk-MNVZQMBW": {
      "file": "chunk-MNVZQMBW.js"
    },
    "chunk-ZLMZVGHN": {
      "file": "chunk-ZLMZVGHN.js"
    }
  }
}